BAR2015,BAR2016,BAR2017,BBR2015,BBR2016,BBR2017,,,
0,0,0,10,0,0,,,
0,0,0,0,0,0,,,
0,0,0,0,0,0,,,
0,2,0,10,0,0,,,
0,3,0,0,0,0,,,
0,0,0,0,0,0,,,
0,0,0,0,0,0,,,
0,0,0,0,0,0,,,
0,0,0,0,0,0,,,
0,0,0,0,20,0,,,
0,13,0,0,0,0,,,
5,0,0,0,0,0,,,
10,7,0,0,0,0,,,
0,15,0,0,0,0,,,
0,0,0,10,0,0,,,
0,0,0,0,0,0,,,
0,0,0,5,0,0,,,
0,0,10,5,0,0,,,
0,0,25,0,0,25,,,
0,0,20,0,5,0,,,
0,0,0,0,0,25,,,
0,0,0,0,0,0,,,
15,0,0,0,0,0,,,
0,0,0,0,0,,,,
0,0,0,0,0,,,,
0,0,0,0,0,,,,
5,0,0,30,0,,,,
0,0,0,0,0,,,,
0,20,0,0,0,,,,
0,0,0,0,5,,,,
0,0,0,0,0,,,,
0,0,0,0,0,,,,
5,0,0,0,0,,,,
0,0,0,0,0,,,,
25,0,5,0,0,,,,
0,0,0,0,0,,,,
0,0,0,0,0,,,,
0,0,0,0,20,,,,
0,10,0,0,0,,,,
0,5,0,0,0,,,,
0,0,0,0,0,,,,
0,0,0,0,0,,,,
0,0,0,0,0,,,,
0,0,0,0,0,,,,
0,0,0,0,0,,,,
0,0,0,75,0,,,,
0,0,20,0,0,,,,
0,0,0,0,0,,,,
0,0,0,5,0,,,,
0,0,15,0,0,,,,
0,0,0,0,5,,,,
0,0,0,0,0,,,,
0,0,0,0,0,,,,
0,0,0,0,0,,,,
0,0,0,0,0,,,,
0,0,0,0,0,,,,
10,0,0,0,0,,,,
0,5,0,0,50,,,,
5,0,0,0,0,,,,
0,0,0,0,5,,,,
0,0,0,0,5,,,,
0,0,0,0,0,,,,
0,0,0,0,0,,,,
0,0,0,20,0,,,,
0,0,0,0,0,,,,
0,0,5,0,25,,,,
0,0,0,0,75,,,,
0,0,0,150,5,,,,
0,0,0,0,5,,,,
0,0,0,0,10,,,,
0,0,0,0,0,,,,
0,0,0,0,0,,,,
0,0,0,0,0,,,,
0,20,0,0,5,,,,
0,0,0,5,0,,,,
0,0,0,175,0,,,,
0,15,0,5,0,,,,
0,0,0,0,0,,,,
0,0,0,90,0,,,,
0,0,0,0,0,,,,
0,0,0,0,0,,,,
20,0,0,0,0,,,,
0,0,0,0,0,,,,
0,0,0,0,0,,,,
0,0,0,0,0,,,,
0,0,0,0,,,,,
0,0,0,0,,,,,
0,0,0,0,,,,,
0,0,0,0,,,,,
0,0,0,0,,,,,
0,0,0,0,,,,,
0,0,0,0,,,,,
0,0,0,0,,,,,
0,0,0,0,,,,,
0,0,0,0,,,,,
0,0,0,0,,,,,
0,0,0,0,,,,,
0,0,0,0,,,,,
0,0,0,0,,,,,
800,0,0,0,,,,,
0,0,0,0,,,,,
10,0,0,0,,,,,
0,25,0,0,,,,,
25,200,0,0,,,,,
0,0,0,0,,,,,
20,0,0,0,,,,,
0,0,0,0,,,,,
0,0,0,0,,,,,
0,0,0,0,,,,,
0,0,0,0,,,,,
0,0,0,0,,,,,
0,0,0,0,,,,,
0,0,0,0,,,,,
0,0,0,0,,,,,
0,0,0,0,,,,,
0,0,0,0,,,,,
60,0,0,0,,,,,
75,0,0,0,,,,,
20,5,0,0,,,,,
0,0,0,0,,,,,
0,0,0,0,,,,,
0,15,0,5,,,,,
0,0,0,5,,,,,
0,0,0,0,,,,,
0,0,0,0,,,,,
0,0,0,0,,,,,
0,0,0,5,,,,,
0,30,0,0,,,,,
0,0,0,0,,,,,
0,0,0,0,,,,,
0,0,3,0,,,,,
0,0,5,0,,,,,
0,0,0,0,,,,,
0,0,0,5,,,,,
0,0,0,0,,,,,
0,25,0,0,,,,,
0,0,0,5,,,,,
0,0,0,15,,,,,
0,0,0,0,,,,,
0,0,0,0,,,,,
0,0,0,0,,,,,
0,0,0,0,,,,,
0,0,0,0,,,,,
0,0,0,0,,,,,
0,0,0,0,,,,,
0,0,0,15,,,,,
0,10,0,10,,,,,
0,0,0,0,,,,,
0,0,0,0,,,,,
0,0,0,15,,,,,
0,0,0,0,,,,,
0,0,0,0,,,,,
25,0,0,0,,,,,
0,0,0,0,,,,,
10,0,0,0,,,,,
0,0,0,0,,,,,
0,0,0,,,,,,
0,0,0,,,,,,
0,0,0,,,,,,
0,0,0,,,,,,
5,0,0,,,,,,
0,0,0,,,,,,
0,0,0,,,,,,
0,0,0,,,,,,
5,0,0,,,,,,
0,0,0,,,,,,
0,0,0,,,,,,
25,0,0,,,,,,
20,0,0,,,,,,
0,0,0,,,,,,
0,0,0,,,,,,
0,0,0,,,,,,
0,0,0,,,,,,
0,0,0,,,,,,
0,0,0,,,,,,
0,0,0,,,,,,
0,0,0,,,,,,
0,0,0,,,,,,
0,0,0,,,,,,
0,0,0,,,,,,
0,0,0,,,,,,
20,0,0,,,,,,
0,0,0,,,,,,
15,0,0,,,,,,
10,0,0,,,,,,
0,0,0,,,,,,
0,0,0,,,,,,
15,0,0,,,,,,
0,0,0,,,,,,
25,0,0,,,,,,
10,0,0,,,,,,
10,0,0,,,,,,
15,0,0,,,,,,
15,0,15,,,,,,
0,0,0,,,,,,
0,0,0,,,,,,
0,0,0,,,,,,
0,0,0,,,,,,
0,0,0,,,,,,
25,0,0,,,,,,
0,0,0,,,,,,
0,5,0,,,,,,
0,0,0,,,,,,
0,0,0,,,,,,
0,0,0,,,,,,
0,0,0,,,,,,
0,0,0,,,,,,
0,0,0,,,,,,
0,0,10,,,,,,
0,0,5,,,,,,
0,0,0,,,,,,
0,0,0,,,,,,
0,0,0,,,,,,
0,0,0,,,,,,
0,0,0,,,,,,
0,5,0,,,,,,
0,0,0,,,,,,
0,0,0,,,,,,
0,0,0,,,,,,
0,0,0,,,,,,
0,0,0,,,,,,
0,0,0,,,,,,
0,0,0,,,,,,
0,0,0,,,,,,
0,0,0,,,,,,
0,0,0,,,,,,
0,0,0,,,,,,
0,0,20,,,,,,
0,0,0,,,,,,
0,0,0,,,,,,
0,20,0,,,,,,
0,0,0,,,,,,
0,0,0,,,,,,
0,0,0,,,,,,
0,20,0,,,,,,
0,0,0,,,,,,
0,15,0,,,,,,
0,0,0,,,,,,
0,0,0,,,,,,
0,0,0,,,,,,
0,0,0,,,,,,
0,0,0,,,,,,
0,0,0,,,,,,
0,0,0,,,,,,
0,0,0,,,,,,
0,0,0,,,,,,
0,0,0,,,,,,
0,0,0,,,,,,
0,0,0,,,,,,
0,5,0,,,,,,
0,10,0,,,,,,
0,0,0,,,,,,
0,0,0,,,,,,
0,0,0,,,,,,
0,0,0,,,,,,
0,0,0,,,,,,
0,0,0,,,,,,
0,0,0,,,,,,
0,0,0,,,,,,
0,0,0,,,,,,
0,0,0,,,,,,
0,10,0,,,,,,
0,0,0,,,,,,
0,0,0,,,,,,
0,0,0,,,,,,
0,0,0,,,,,,
0,0,0,,,,,,
0,0,0,,,,,,
0,0,0,,,,,,
0,0,0,,,,,,
0,0,0,,,,,,
0,0,0,,,,,,
0,0,0,,,,,,
0,0,0,,,,,,
0,0,0,,,,,,
0,0,0,,,,,,
0,0,6,,,,,,
0,0,0,,,,,,
0,0,0,,,,,,
0,0,0,,,,,,
0,0,1,,,,,,
0,0,0,,,,,,
0,0,0,,,,,,
0,0,3,,,,,,
0,0,0,,,,,,
20,0,0,,,,,,
0,10,0,,,,,,
0,0,0,,,,,,
0,0,0,,,,,,
0,0,0,,,,,,
0,0,0,,,,,,
0,0,0,,,,,,
0,0,0,,,,,,
0,0,7,,,,,,
0,0,3,,,,,,
0,0,10,,,,,,
0,0,0,,,,,,
0,0,0,,,,,,
0,0,0,,,,,,
0,0,0,,,,,,
0,0,0,,,,,,
0,0,0,,,,,,
0,0,0,,,,,,
0,0,0,,,,,,
0,0,5,,,,,,
0,0,0,,,,,,
0,0,25,,,,,,
0,0,0,,,,,,
0,0,0,,,,,,
0,0,0,,,,,,
5,5,0,,,,,,
0,0,0,,,,,,
0,0,0,,,,,,
10,0,0,,,,,,
0,0,0,,,,,,
0,15,0,,,,,,
0,0,0,,,,,,
0,0,0,,,,,,
0,0,0,,,,,,
0,0,0,,,,,,
0,0,0,,,,,,
0,0,0,,,,,,
0,0,0,,,,,,
0,0,0,,,,,,
0,0,0,,,,,,
0,0,0,,,,,,
0,0,0,,,,,,
75,0,0,,,,,,
0,0,0,,,,,,
0,0,,,,,,,
0,0,,,,,,,
15,0,,,,,,,
0,0,,,,,,,
0,5,,,,,,,
125,0,,,,,,,
0,0,,,,,,,
80,0,,,,,,,
100,0,,,,,,,
10,10,,,,,,,
0,0,,,,,,,
5,0,,,,,,,
50,0,,,,,,,
150,0,,,,,,,
60,0,,,,,,,
5,0,,,,,,,
0,0,,,,,,,
5,0,,,,,,,
0,0,,,,,,,
5,0,,,,,,,
0,5,,,,,,,
0,0,,,,,,,
0,0,,,,,,,
0,0,,,,,,,
0,0,,,,,,,
0,0,,,,,,,
0,0,,,,,,,
0,0,,,,,,,
0,0,,,,,,,
0,0,,,,,,,
0,0,,,,,,,
0,0,,,,,,,
5,0,,,,,,,
0,0,,,,,,,
0,0,,,,,,,
0,0,,,,,,,
0,0,,,,,,,
0,0,,,,,,,
0,0,,,,,,,
0,0,,,,,,,
0,0,,,,,,,
0,0,,,,,,,
0,0,,,,,,,
0,0,,,,,,,
0,0,,,,,,,
0,0,,,,,,,
0,0,,,,,,,
0,0,,,,,,,
0,0,,,,,,,
0,0,,,,,,,
0,50,,,,,,,
0,0,,,,,,,
0,0,,,,,,,
0,0,,,,,,,
0,0,,,,,,,
0,0,,,,,,,
0,0,,,,,,,
0,0,,,,,,,
0,0,,,,,,,
0,0,,,,,,,
0,0,,,,,,,
0,5,,,,,,,
0,0,,,,,,,
0,0,,,,,,,
0,0,,,,,,,
0,0,,,,,,,
0,0,,,,,,,
0,0,,,,,,,
0,0,,,,,,,
0,0,,,,,,,
0,0,,,,,,,
0,0,,,,,,,
0,0,,,,,,,
0,0,,,,,,,
0,0,,,,,,,
0,0,,,,,,,
0,0,,,,,,,
5,0,,,,,,,
0,0,,,,,,,
0,0,,,,,,,
0,0,,,,,,,
0,0,,,,,,,
0,0,,,,,,,
0,0,,,,,,,
0,0,,,,,,,
0,0,,,,,,,
0,0,,,,,,,
0,0,,,,,,,
0,0,,,,,,,
0,0,,,,,,,
0,0,,,,,,,
0,0,,,,,,,
0,0,,,,,,,
0,0,,,,,,,
0,0,,,,,,,
20,0,,,,,,,
0,5,,,,,,,
0,0,,,,,,,
0,0,,,,,,,
0,0,,,,,,,
0,0,,,,,,,
5,0,,,,,,,
0,0,,,,,,,
28,0,,,,,,,
0,0,,,,,,,
0,0,,,,,,,
0,15,,,,,,,
0,0,,,,,,,
0,0,,,,,,,
0,0,,,,,,,
0,0,,,,,,,
0,0,,,,,,,
0,0,,,,,,,
0,0,,,,,,,
0,0,,,,,,,
0,0,,,,,,,
0,0,,,,,,,
0,0,,,,,,,
0,0,,,,,,,
0,0,,,,,,,
0,0,,,,,,,
0,10,,,,,,,
0,0,,,,,,,
0,0,,,,,,,
0,0,,,,,,,
0,0,,,,,,,
0,0,,,,,,,
0,0,,,,,,,
0,50,,,,,,,
0,0,,,,,,,
0,0,,,,,,,
0,0,,,,,,,
0,60,,,,,,,
0,0,,,,,,,
0,0,,,,,,,
0,0,,,,,,,
0,0,,,,,,,
0,0,,,,,,,
0,0,,,,,,,
0,0,,,,,,,
0,0,,,,,,,
0,0,,,,,,,
0,0,,,,,,,
0,0,,,,,,,
0,0,,,,,,,
0,0,,,,,,,
5,0,,,,,,,
0,0,,,,,,,
0,0,,,,,,,
0,0,,,,,,,
0,0,,,,,,,
0,0,,,,,,,
0,0,,,,,,,
0,0,,,,,,,
0,0,,,,,,,
0,0,,,,,,,
0,0,,,,,,,
0,0,,,,,,,
0,0,,,,,,,
0,0,,,,,,,
0,0,,,,,,,
0,0,,,,,,,
0,0,,,,,,,
0,0,,,,,,,
0,0,,,,,,,
0,0,,,,,,,
0,0,,,,,,,
0,0,,,,,,,
0,0,,,,,,,
0,0,,,,,,,
0,0,,,,,,,
0,0,,,,,,,
5,0,,,,,,,
0,0,,,,,,,
0,0,,,,,,,
0,0,,,,,,,
0,0,,,,,,,
0,0,,,,,,,
0,0,,,,,,,
0,0,,,,,,,
0,0,,,,,,,
0,0,,,,,,,
0,0,,,,,,,
0,0,,,,,,,
0,0,,,,,,,
0,10,,,,,,,
0,0,,,,,,,
0,0,,,,,,,
0,0,,,,,,,
0,0,,,,,,,
0,5,,,,,,,
0,0,,,,,,,
0,0,,,,,,,
0,5,,,,,,,
10,0,,,,,,,
0,0,,,,,,,
0,0,,,,,,,
0,0,,,,,,,
5,0,,,,,,,
0,0,,,,,,,
0,0,,,,,,,
0,0,,,,,,,
0,0,,,,,,,
0,0,,,,,,,
0,0,,,,,,,
0,0,,,,,,,
0,0,,,,,,,
0,0,,,,,,,
0,0,,,,,,,
0,0,,,,,,,
0,0,,,,,,,
0,0,,,,,,,
0,0,,,,,,,
0,0,,,,,,,
0,0,,,,,,,
0,0,,,,,,,
0,0,,,,,,,
0,0,,,,,,,
0,0,,,,,,,
0,0,,,,,,,
0,0,,,,,,,
0,0,,,,,,,
0,0,,,,,,,
0,0,,,,,,,
0,0,,,,,,,
0,0,,,,,,,
5,0,,,,,,,
0,0,,,,,,,
0,0,,,,,,,
0,0,,,,,,,
0,0,,,,,,,
0,0,,,,,,,
0,0,,,,,,,
0,0,,,,,,,
0,0,,,,,,,
0,0,,,,,,,
0,0,,,,,,,
0,0,,,,,,,
0,0,,,,,,,
0,0,,,,,,,
0,0,,,,,,,
0,0,,,,,,,
0,50,,,,,,,
0,15,,,,,,,
0,0,,,,,,,
0,5,,,,,,,
0,8,,,,,,,
0,0,,,,,,,
0,0,,,,,,,
0,0,,,,,,,
0,0,,,,,,,
0,0,,,,,,,
0,0,,,,,,,
0,0,,,,,,,
0,0,,,,,,,
0,0,,,,,,,
0,0,,,,,,,
0,0,,,,,,,
0,0,,,,,,,
0,0,,,,,,,
0,0,,,,,,,
0,0,,,,,,,
0,0,,,,,,,
0,0,,,,,,,
0,0,,,,,,,
0,0,,,,,,,
0,0,,,,,,,
110,0,,,,,,,
10,0,,,,,,,
5,0,,,,,,,
0,50,,,,,,,
0,1,,,,,,,
0,1,,,,,,,
0,0,,,,,,,
0,0,,,,,,,
10,0,,,,,,,
0,0,,,,,,,
0,0,,,,,,,
0,0,,,,,,,
0,0,,,,,,,
5,0,,,,,,,
0,5,,,,,,,
0,0,,,,,,,
0,0,,,,,,,
0,0,,,,,,,
0,0,,,,,,,
0,5,,,,,,,
0,0,,,,,,,
0,0,,,,,,,
0,0,,,,,,,
0,0,,,,,,,
0,0,,,,,,,
0,0,,,,,,,
0,0,,,,,,,
0,60,,,,,,,
0,0,,,,,,,
0,0,,,,,,,
0,0,,,,,,,
5,0,,,,,,,
0,0,,,,,,,
5,0,,,,,,,
0,0,,,,,,,
0,0,,,,,,,
0,0,,,,,,,
0,0,,,,,,,
0,0,,,,,,,
0,0,,,,,,,
0,0,,,,,,,
0,0,,,,,,,
0,0,,,,,,,
15,100,,,,,,,
0,0,,,,,,,
0,0,,,,,,,
0,0,,,,,,,
0,0,,,,,,,
0,0,,,,,,,
0,0,,,,,,,
0,0,,,,,,,
0,0,,,,,,,
0,0,,,,,,,
0,0,,,,,,,
0,0,,,,,,,
0,0,,,,,,,
0,0,,,,,,,
0,0,,,,,,,
0,0,,,,,,,
0,0,,,,,,,
0,0,,,,,,,
0,0,,,,,,,
0,0,,,,,,,
0,0,,,,,,,
0,0,,,,,,,
0,0,,,,,,,
0,0,,,,,,,
0,0,,,,,,,
0,0,,,,,,,
0,0,,,,,,,
0,0,,,,,,,
0,0,,,,,,,
0,0,,,,,,,
0,0,,,,,,,
0,0,,,,,,,
0,0,,,,,,,
0,0,,,,,,,
0,38,,,,,,,
0,0,,,,,,,
0,25,,,,,,,
0,0,,,,,,,
0,0,,,,,,,
0,0,,,,,,,
0,0,,,,,,,
0,0,,,,,,,
5,0,,,,,,,
10,0,,,,,,,
0,0,,,,,,,
0,0,,,,,,,
105,0,,,,,,,
0,5,,,,,,,
0,0,,,,,,,
0,0,,,,,,,
0,0,,,,,,,
0,0,,,,,,,
0,0,,,,,,,
0,0,,,,,,,
0,0,,,,,,,
0,0,,,,,,,
0,0,,,,,,,
5,0,,,,,,,
0,0,,,,,,,
0,0,,,,,,,
0,0,,,,,,,
0,32,,,,,,,
0,15,,,,,,,
0,0,,,,,,,
0,0,,,,,,,
0,0,,,,,,,
0,0,,,,,,,
0,0,,,,,,,
0,0,,,,,,,
0,0,,,,,,,
0,0,,,,,,,
0,0,,,,,,,
0,0,,,,,,,
0,0,,,,,,,
0,0,,,,,,,
0,0,,,,,,,
0,0,,,,,,,
0,0,,,,,,,
0,0,,,,,,,
0,0,,,,,,,
0,0,,,,,,,
0,0,,,,,,,
0,0,,,,,,,
0,10,,,,,,,
0,0,,,,,,,
0,0,,,,,,,
0,0,,,,,,,
0,0,,,,,,,
0,0,,,,,,,
0,0,,,,,,,
0,0,,,,,,,
0,0,,,,,,,
0,0,,,,,,,
0,0,,,,,,,
0,0,,,,,,,
0,0,,,,,,,
0,0,,,,,,,
0,0,,,,,,,
0,0,,,,,,,
10,0,,,,,,,
5,5,,,,,,,
0,0,,,,,,,
0,0,,,,,,,
15,0,,,,,,,
0,0,,,,,,,
0,10,,,,,,,
0,0,,,,,,,
0,5,,,,,,,
0,5,,,,,,,
0,0,,,,,,,
0,0,,,,,,,
5,0,,,,,,,
0,0,,,,,,,
0,0,,,,,,,
0,0,,,,,,,
0,0,,,,,,,
0,1,,,,,,,
0,49,,,,,,,
0,28,,,,,,,
0,0,,,,,,,
0,0,,,,,,,
0,0,,,,,,,
0,6,,,,,,,
0,15,,,,,,,
0,1,,,,,,,
0,0,,,,,,,
0,0,,,,,,,
0,0,,,,,,,
0,0,,,,,,,
0,0,,,,,,,
0,0,,,,,,,
0,0,,,,,,,
0,0,,,,,,,
0,25,,,,,,,
0,20,,,,,,,
0,35,,,,,,,
0,15,,,,,,,
0,0,,,,,,,
0,0,,,,,,,
0,0,,,,,,,
0,,,,,,,,
0,,,,,,,,
0,,,,,,,,
5,,,,,,,,
0,,,,,,,,
0,,,,,,,,
0,,,,,,,,
0,,,,,,,,
25,,,,,,,,
5,,,,,,,,
0,,,,,,,,
0,,,,,,,,
0,,,,,,,,
0,,,,,,,,
0,,,,,,,,
0,,,,,,,,
5,,,,,,,,
0,,,,,,,,
0,,,,,,,,
0,,,,,,,,
0,,,,,,,,
0,,,,,,,,
0,,,,,,,,
0,,,,,,,,
0,,,,,,,,
0,,,,,,,,
0,,,,,,,,
0,,,,,,,,
0,,,,,,,,
0,,,,,,,,
0,,,,,,,,
0,,,,,,,,
0,,,,,,,,
0,,,,,,,,
0,,,,,,,,
0,,,,,,,,
0,,,,,,,,
0,,,,,,,,
0,,,,,,,,
0,,,,,,,,
0,,,,,,,,
5,,,,,,,,
0,,,,,,,,
0,,,,,,,,
0,,,,,,,,
0,,,,,,,,
0,,,,,,,,
10,,,,,,,,
0,,,,,,,,
0,,,,,,,,
5,,,,,,,,
0,,,,,,,,
0,,,,,,,,
10,,,,,,,,
0,,,,,,,,
0,,,,,,,,
0,,,,,,,,
0,,,,,,,,
0,,,,,,,,
0,,,,,,,,
0,,,,,,,,
0,,,,,,,,
0,,,,,,,,
5,,,,,,,,
0,,,,,,,,
0,,,,,,,,
0,,,,,,,,
0,,,,,,,,
0,,,,,,,,
0,,,,,,,,
0,,,,,,,,
0,,,,,,,,
0,,,,,,,,
0,,,,,,,,
0,,,,,,,,
0,,,,,,,,
0,,,,,,,,
0,,,,,,,,
0,,,,,,,,
0,,,,,,,,
0,,,,,,,,
5,,,,,,,,
0,,,,,,,,
0,,,,,,,,
0,,,,,,,,
0,,,,,,,,
0,,,,,,,,
0,,,,,,,,
5,,,,,,,,
5,,,,,,,,
0,,,,,,,,
0,,,,,,,,
0,,,,,,,,
0,,,,,,,,
0,,,,,,,,
0,,,,,,,,
0,,,,,,,,
0,,,,,,,,
0,,,,,,,,
0,,,,,,,,
0,,,,,,,,
0,,,,,,,,
0,,,,,,,,
0,,,,,,,,
0,,,,,,,,
0,,,,,,,,
0,,,,,,,,
0,,,,,,,,
0,,,,,,,,
0,,,,,,,,
0,,,,,,,,
0,,,,,,,,
0,,,,,,,,
0,,,,,,,,
0,,,,,,,,
0,,,,,,,,
0,,,,,,,,
0,,,,,,,,
0,,,,,,,,
0,,,,,,,,
0,,,,,,,,
0,,,,,,,,
0,,,,,,,,
0,,,,,,,,
125,,,,,,,,
0,,,,,,,,
0,,,,,,,,
0,,,,,,,,
0,,,,,,,,
3,,,,,,,,
0,,,,,,,,
0,,,,,,,,
5,,,,,,,,
250,,,,,,,,
0,,,,,,,,
0,,,,,,,,
0,,,,,,,,
0,,,,,,,,
0,,,,,,,,
0,,,,,,,,
0,,,,,,,,
0,,,,,,,,
0,,,,,,,,
0,,,,,,,,
0,,,,,,,,
0,,,,,,,,
0,,,,,,,,
0,,,,,,,,
0,,,,,,,,
0,,,,,,,,
0,,,,,,,,
0,,,,,,,,
0,,,,,,,,
0,,,,,,,,
0,,,,,,,,
0,,,,,,,,
0,,,,,,,,
0,,,,,,,,
0,,,,,,,,
0,,,,,,,,
0,,,,,,,,
5,,,,,,,,
0,,,,,,,,
10,,,,,,,,
0,,,,,,,,
0,,,,,,,,
0,,,,,,,,
0,,,,,,,,
0,,,,,,,,
0,,,,,,,,
0,,,,,,,,
0,,,,,,,,
0,,,,,,,,
0,,,,,,,,
0,,,,,,,,
0,,,,,,,,
0,,,,,,,,
0,,,,,,,,
0,,,,,,,,
0,,,,,,,,
0,,,,,,,,
0,,,,,,,,
0,,,,,,,,
0,,,,,,,,
0,,,,,,,,
0,,,,,,,,
5,,,,,,,,
0,,,,,,,,
0,,,,,,,,
0,,,,,,,,
5,,,,,,,,
0,,,,,,,,
0,,,,,,,,
0,,,,,,,,
0,,,,,,,,
0,,,,,,,,
0,,,,,,,,
0,,,,,,,,
0,,,,,,,,
0,,,,,,,,
0,,,,,,,,
0,,,,,,,,
0,,,,,,,,
0,,,,,,,,
0,,,,,,,,
0,,,,,,,,
0,,,,,,,,
0,,,,,,,,
0,,,,,,,,
0,,,,,,,,
0,,,,,,,,
15,,,,,,,,
0,,,,,,,,
0,,,,,,,,
20,,,,,,,,
0,,,,,,,,
0,,,,,,,,
0,,,,,,,,
5,,,,,,,,
20,,,,,,,,
10,,,,,,,,
15,,,,,,,,
5,,,,,,,,
5,,,,,,,,
0,,,,,,,,
0,,,,,,,,
0,,,,,,,,
0,,,,,,,,
0,,,,,,,,
0,,,,,,,,
5,,,,,,,,
0,,,,,,,,
0,,,,,,,,
0,,,,,,,,
0,,,,,,,,
0,,,,,,,,
0,,,,,,,,
0,,,,,,,,
0,,,,,,,,
0,,,,,,,,
0,,,,,,,,
0,,,,,,,,
0,,,,,,,,
0,,,,,,,,
0,,,,,,,,
0,,,,,,,,
5,,,,,,,,
0,,,,,,,,
0,,,,,,,,
0,,,,,,,,
0,,,,,,,,
0,,,,,,,,
0,,,,,,,,
5,,,,,,,,
0,,,,,,,,
0,,,,,,,,
0,,,,,,,,
0,,,,,,,,
0,,,,,,,,
0,,,,,,,,
0,,,,,,,,
0,,,,,,,,
0,,,,,,,,
0,,,,,,,,
0,,,,,,,,
0,,,,,,,,
0,,,,,,,,
0,,,,,,,,
0,,,,,,,,
0,,,,,,,,
0,,,,,,,,
0,,,,,,,,
0,,,,,,,,
0,,,,,,,,
0,,,,,,,,
0,,,,,,,,
0,,,,,,,,
0,,,,,,,,
0,,,,,,,,
0,,,,,,,,
0,,,,,,,,
0,,,,,,,,
5,,,,,,,,
0,,,,,,,,
0,,,,,,,,
0,,,,,,,,
0,,,,,,,,
0,,,,,,,,
0,,,,,,,,
0,,,,,,,,
0,,,,,,,,
0,,,,,,,,
0,,,,,,,,
0,,,,,,,,
0,,,,,,,,
0,,,,,,,,
0,,,,,,,,
0,,,,,,,,
0,,,,,,,,
0,,,,,,,,
0,,,,,,,,
0,,,,,,,,
0,,,,,,,,
0,,,,,,,,
15,,,,,,,,
0,,,,,,,,
0,,,,,,,,
0,,,,,,,,
0,,,,,,,,
0,,,,,,,,
0,,,,,,,,
0,,,,,,,,
0,,,,,,,,
0,,,,,,,,
0,,,,,,,,
0,,,,,,,,
0,,,,,,,,
0,,,,,,,,
0,,,,,,,,
0,,,,,,,,
10,,,,,,,,
15,,,,,,,,
25,,,,,,,,
20,,,,,,,,
0,,,,,,,,
20,,,,,,,,
0,,,,,,,,
0,,,,,,,,
20,,,,,,,,
25,,,,,,,,
0,,,,,,,,
0,,,,,,,,
0,,,,,,,,
0,,,,,,,,
0,,,,,,,,
0,,,,,,,,
130,,,,,,,,
96,,,,,,,,
150,,,,,,,,
1,,,,,,,,
5,,,,,,,,
0,,,,,,,,
0,,,,,,,,
0,,,,,,,,
0,,,,,,,,
0,,,,,,,,
0,,,,,,,,
0,,,,,,,,
0,,,,,,,,
0,,,,,,,,
0,,,,,,,,
0,,,,,,,,
0,,,,,,,,
0,,,,,,,,
0,,,,,,,,
0,,,,,,,,
0,,,,,,,,
0,,,,,,,,
0,,,,,,,,
0,,,,,,,,
5,,,,,,,,
0,,,,,,,,
0,,,,,,,,
0,,,,,,,,
0,,,,,,,,
0,,,,,,,,
0,,,,,,,,
0,,,,,,,,
0,,,,,,,,
0,,,,,,,,
0,,,,,,,,
0,,,,,,,,
0,,,,,,,,
0,,,,,,,,
3,,,,,,,,
0,,,,,,,,
0,,,,,,,,
0,,,,,,,,
0,,,,,,,,
0,,,,,,,,
0,,,,,,,,
1,,,,,,,,
0,,,,,,,,
0,,,,,,,,
0,,,,,,,,
0,,,,,,,,
2,,,,,,,,
0,,,,,,,,
0,,,,,,,,
0,,,,,,,,
1,,,,,,,,
0,,,,,,,,
0,,,,,,,,
0,,,,,,,,
0,,,,,,,,
0,,,,,,,,
0,,,,,,,,
0,,,,,,,,
0,,,,,,,,
0,,,,,,,,
0,,,,,,,,
0,,,,,,,,
0,,,,,,,,
0,,,,,,,,
0,,,,,,,,
0,,,,,,,,
0,,,,,,,,
0,,,,,,,,
0,,,,,,,,
0,,,,,,,,
0,,,,,,,,
0,,,,,,,,
0,,,,,,,,
0,,,,,,,,
0,,,,,,,,
0,,,,,,,,
0,,,,,,,,
0,,,,,,,,
0,,,,,,,,
0,,,,,,,,
0,,,,,,,,
0,,,,,,,,
0,,,,,,,,
0,,,,,,,,
0,,,,,,,,
0,,,,,,,,
0,,,,,,,,
0,,,,,,,,
0,,,,,,,,
0,,,,,,,,
0,,,,,,,,
0,,,,,,,,
0,,,,,,,,
0,,,,,,,,
0,,,,,,,,
0,,,,,,,,
0,,,,,,,,
0,,,,,,,,
0,,,,,,,,
5,,,,,,,,
0,,,,,,,,
0,,,,,,,,
0,,,,,,,,
0,,,,,,,,
0,,,,,,,,
0,,,,,,,,
0,,,,,,,,
0,,,,,,,,
0,,,,,,,,
0,,,,,,,,
0,,,,,,,,
0,,,,,,,,
0,,,,,,,,
0,,,,,,,,
0,,,,,,,,
0,,,,,,,,
0,,,,,,,,
0,,,,,,,,
0,,,,,,,,
0,,,,,,,,
0,,,,,,,,
0,,,,,,,,
100,,,,,,,,
0,,,,,,,,
0,,,,,,,,
0,,,,,,,,
0,,,,,,,,
0,,,,,,,,
0,,,,,,,,
0,,,,,,,,
0,,,,,,,,
0,,,,,,,,
0,,,,,,,,
0,,,,,,,,
0,,,,,,,,
0,,,,,,,,
0,,,,,,,,
0,,,,,,,,
0,,,,,,,,
0,,,,,,,,
0,,,,,,,,
0,,,,,,,,
0,,,,,,,,
5,,,,,,,,
0,,,,,,,,
5,,,,,,,,
0,,,,,,,,
0,,,,,,,,
0,,,,,,,,
0,,,,,,,,
0,,,,,,,,
0,,,,,,,,
0,,,,,,,,
0,,,,,,,,
0,,,,,,,,
0,,,,,,,,
0,,,,,,,,
0,,,,,,,,
0,,,,,,,,
0,,,,,,,,
0,,,,,,,,
0,,,,,,,,
0,,,,,,,,
0,,,,,,,,
0,,,,,,,,
12,,,,,,,,
0,,,,,,,,
3,,,,,,,,
0,,,,,,,,
0,,,,,,,,
0,,,,,,,,
0,,,,,,,,
0,,,,,,,,
0,,,,,,,,
0,,,,,,,,
0,,,,,,,,
15,,,,,,,,
5,,,,,,,,
0,,,,,,,,
0,,,,,,,,
0,,,,,,,,
0,,,,,,,,
0,,,,,,,,
0,,,,,,,,
5,,,,,,,,
0,,,,,,,,
0,,,,,,,,
0,,,,,,,,
0,,,,,,,,
5,,,,,,,,
0,,,,,,,,
10,,,,,,,,
5,,,,,,,,
20,,,,,,,,
0,,,,,,,,
0,,,,,,,,
0,,,,,,,,
15,,,,,,,,
0,,,,,,,,
0,,,,,,,,
0,,,,,,,,
0,,,,,,,,
0,,,,,,,,
0,,,,,,,,
0,,,,,,,,
0,,,,,,,,
0,,,,,,,,
0,,,,,,,,
0,,,,,,,,
0,,,,,,,,
0,,,,,,,,
0,,,,,,,,
0,,,,,,,,
0,,,,,,,,
0,,,,,,,,
0,,,,,,,,
0,,,,,,,,
0,,,,,,,,
0,,,,,,,,
0,,,,,,,,
0,,,,,,,,
0,,,,,,,,
13,,,,,,,,
0,,,,,,,,
0,,,,,,,,
0,,,,,,,,
0,,,,,,,,
0,,,,,,,,
0,,,,,,,,
0,,,,,,,,
0,,,,,,,,
0,,,,,,,,
0,,,,,,,,
0,,,,,,,,
0,,,,,,,,
0,,,,,,,,
0,,,,,,,,
0,,,,,,,,
0,,,,,,,,
0,,,,,,,,
0,,,,,,,,
0,,,,,,,,
0,,,,,,,,
0,,,,,,,,
0,,,,,,,,
0,,,,,,,,
0,,,,,,,,
5,,,,,,,,
0,,,,,,,,
0,,,,,,,,
0,,,,,,,,
0,,,,,,,,
0,,,,,,,,
0,,,,,,,,
0,,,,,,,,
0,,,,,,,,
0,,,,,,,,
0,,,,,,,,
0,,,,,,,,
0,,,,,,,,
0,,,,,,,,
0,,,,,,,,
0,,,,,,,,
0,,,,,,,,
0,,,,,,,,
0,,,,,,,,
0,,,,,,,,
0,,,,,,,,
0,,,,,,,,
0,,,,,,,,
0,,,,,,,,
0,,,,,,,,
0,,,,,,,,
0,,,,,,,,
0,,,,,,,,
0,,,,,,,,
0,,,,,,,,
0,,,,,,,,
0,,,,,,,,
0,,,,,,,,
0,,,,,,,,
0,,,,,,,,
0,,,,,,,,
0,,,,,,,,
0,,,,,,,,
0,,,,,,,,
0,,,,,,,,
0,,,,,,,,
0,,,,,,,,
0,,,,,,,,
20,,,,,,,,
0,,,,,,,,
0,,,,,,,,
0,,,,,,,,
0,,,,,,,,
0,,,,,,,,
0,,,,,,,,
0,,,,,,,,
0,,,,,,,,
0,,,,,,,,
5,,,,,,,,
0,,,,,,,,
0,,,,,,,,
0,,,,,,,,
0,,,,,,,,
0,,,,,,,,
0,,,,,,,,
20,,,,,,,,
0,,,,,,,,
0,,,,,,,,
0,,,,,,,,
0,,,,,,,,
0,,,,,,,,
0,,,,,,,,
0,,,,,,,,
0,,,,,,,,
0,,,,,,,,
0,,,,,,,,
0,,,,,,,,
15,,,,,,,,
20,,,,,,,,
0,,,,,,,,
5,,,,,,,,
15,,,,,,,,
0,,,,,,,,
0,,,,,,,,
5,,,,,,,,
20,,,,,,,,
5,,,,,,,,
0,,,,,,,,
0,,,,,,,,
0,,,,,,,,
0,,,,,,,,
10,,,,,,,,
0,,,,,,,,
0,,,,,,,,
0,,,,,,,,
0,,,,,,,,
0,,,,,,,,
12,,,,,,,,
24,,,,,,,,
28,,,,,,,,
0,,,,,,,,
0,,,,,,,,
0,,,,,,,,
0,,,,,,,,
0,,,,,,,,
0,,,,,,,,
0,,,,,,,,
0,,,,,,,,
0,,,,,,,,
0,,,,,,,,
0,,,,,,,,
0,,,,,,,,
0,,,,,,,,
0,,,,,,,,
0,,,,,,,,
0,,,,,,,,
0,,,,,,,,
0,,,,,,,,
0,,,,,,,,
0,,,,,,,,
0,,,,,,,,
0,,,,,,,,
0,,,,,,,,
0,,,,,,,,
0,,,,,,,,
0,,,,,,,,
0,,,,,,,,
0,,,,,,,,
0,,,,,,,,
0,,,,,,,,
0,,,,,,,,
0,,,,,,,,
0,,,,,,,,
0,,,,,,,,
0,,,,,,,,
0,,,,,,,,
0,,,,,,,,
0,,,,,,,,
0,,,,,,,,
0,,,,,,,,
0,,,,,,,,
0,,,,,,,,
0,,,,,,,,
0,,,,,,,,
0,,,,,,,,
0,,,,,,,,
0,,,,,,,,
0,,,,,,,,
0,,,,,,,,
0,,,,,,,,
0,,,,,,,,
0,,,,,,,,
0,,,,,,,,
0,,,,,,,,
0,,,,,,,,
0,,,,,,,,
0,,,,,,,,
0,,,,,,,,
0,,,,,,,,
0,,,,,,,,
0,,,,,,,,
0,,,,,,,,
0,,,,,,,,
0,,,,,,,,
0,,,,,,,,
0,,,,,,,,
0,,,,,,,,
0,,,,,,,,
0,,,,,,,,
0,,,,,,,,
20,,,,,,,,
0,,,,,,,,
0,,,,,,,,
0,,,,,,,,
0,,,,,,,,
0,,,,,,,,
0,,,,,,,,
0,,,,,,,,
0,,,,,,,,
0,,,,,,,,
0,,,,,,,,
0,,,,,,,,
0,,,,,,,,
15,,,,,,,,
0,,,,,,,,
0,,,,,,,,
0,,,,,,,,
0,,,,,,,,
0,,,,,,,,
0,,,,,,,,
0,,,,,,,,
0,,,,,,,,
0,,,,,,,,
0,,,,,,,,
0,,,,,,,,
0,,,,,,,,
0,,,,,,,,
0,,,,,,,,
0,,,,,,,,
0,,,,,,,,
0,,,,,,,,
0,,,,,,,,
5,,,,,,,,
0,,,,,,,,
0,,,,,,,,
0,,,,,,,,
0,,,,,,,,
0,,,,,,,,
0,,,,,,,,
0,,,,,,,,
0,,,,,,,,
0,,,,,,,,
0,,,,,,,,
0,,,,,,,,
0,,,,,,,,
0,,,,,,,,
0,,,,,,,,
0,,,,,,,,
0,,,,,,,,
0,,,,,,,,
0,,,,,,,,
0,,,,,,,,
0,,,,,,,,
10,,,,,,,,
5,,,,,,,,
0,,,,,,,,
0,,,,,,,,
0,,,,,,,,
0,,,,,,,,
0,,,,,,,,
0,,,,,,,,
5,,,,,,,,
0,,,,,,,,
0,,,,,,,,
0,,,,,,,,
0,,,,,,,,
0,,,,,,,,
0,,,,,,,,
0,,,,,,,,
0,,,,,,,,
0,,,,,,,,
0,,,,,,,,
0,,,,,,,,
0,,,,,,,,
0,,,,,,,,
0,,,,,,,,
0,,,,,,,,
0,,,,,,,,
0,,,,,,,,
0,,,,,,,,
0,,,,,,,,
0,,,,,,,,
0,,,,,,,,
0,,,,,,,,
0,,,,,,,,
0,,,,,,,,
0,,,,,,,,
0,,,,,,,,
0,,,,,,,,
0,,,,,,,,
0,,,,,,,,
10,,,,,,,,
5,,,,,,,,
0,,,,,,,,
0,,,,,,,,
0,,,,,,,,
0,,,,,,,,
0,,,,,,,,
0,,,,,,,,
0,,,,,,,,
0,,,,,,,,
